region,town,country,town_country,business name,physical address,phone numbercentral,Thika,",Kenya","Thika, Kenya","M-KOPA,Thika-Rancky Enterprises","Thika Town, Kenyatta Highway/Mama Ngina Drive Junction.",0702 163 614central,Muranga,",Kenya","Muranga, Kenya","M-KOPA, Muranga Divine Leather Craft",Kenyatta Avenue near round about opposite Queens Hotel.,0720 880 911central,Maua,",Kenya","Maua, Kenya","M-KOPA,Maua Ajab Warehouse","Maua Town, Kaciongo area next to Kensilver booking office.",0710 919 189central,Meru,",Kenya","Meru, Kenya","M-KOPA, Rimbere enterprises",Meru Main Stage along Njuri Ncheke Street.,0708 086 618central,Nanyuki,",Kenya","Nanyuki, Kenya","M-KOPA, Nyanyuki - ngarengiro cereals","Opposite Doldol stage, Ngarengiro cereal building.",0708 086 583central,Chuka,",Kenya","Chuka, Kenya","M-KOPA, Eastend chemist- chogoria",Eastend chemist opposite Chogoria boys.,0708 086 492central,Githubai,",Kenya","Githubai, Kenya",Cybercom Cafe-Njabini,Kaa na Watu Building,0718 093 653central,Juja,",Kenya","Juja, Kenya",Kelda Enterprise,"Along Juja - Gatundu Road, Next to Happy Supermarket",0721 301 895central,Karatina,",Kenya","Karatina, Kenya",DM Enterprices,"Next Rahisi Hardware, Opposite Uchumi Supermarket",0719 763 333central,Kagio,",Kenya","Kagio, Kenya",Resolution Electronics,"Kagio Market, Kagio - Baricho Road",0722 424 710central,Kenol,",Kenya","Kenol, Kenya",Blessed Shiroh Enterprises,"Beta Petrol Station, Mizph Biashara Centre Building",0725 484 287central,Kianjai,",Kenya","Kianjai, Kenya",Msamaria Mwema,"At the Maua Stage,Near Kijunge Petrol Station",0723 875 768central,Katama,",Kenya","Katama, Kenya",Mungaria Distributors,Along Maua Road,0721 311 777central,Kiganjo,",Kenya","Kiganjo, Kenya",Amazing Grace,"Chaka Shopping Centre, Opposite Railway Line",0714 341 583central,Kikuyu,",Kenya","Kikuyu, Kenya",Cyber Com Cafe,"Faith House,Next To Msafiri Flats,Behind New Muguku Plaza",0711 904 106central,Kikuyu,",Kenya","Kikuyu, Kenya",Bell Kenya Kikuyu,Next to Postbank,0707 621 881central,Limuru,",Kenya","Limuru, Kenya",Bell Kenya Limuru,"At Ushirika Plaza,Ground Floor,Near Limuru Bata",0722 977 775central,Mutuati,",Kenya","Mutuati, Kenya",Kwa Kithure Shop,Along Meru- Maua-Laare road,0723 995 009central,Mikinduri,",Kenya","Mikinduri, Kenya",Real Mali,Next to Kaliene Secondary School,0723 173 434central,Muranga,",Kenya","Muranga, Kenya",Mych Enterprises,"Kagema Shopping Centre, Near Catholic Church",0726 855 730central,Mwea,",Kenya","Mwea, Kenya",Jnoz Infortech,Mwea Main Stage Entrance,0727 328 801central,Nanyuki,",Kenya","Nanyuki, Kenya",Safaricom Retail Centre,Nakumatt Mall,0720 170 115central,Nanyuki,",Kenya","Nanyuki, Kenya",Dayun Centre,"Off Lumumba Road,Inside Makaru House",0724 366 520central,Ndunyu Njeru,",Kenya","Ndunyu Njeru, Kenya",Copymax Printers and Stationeries Ltd,Next to Muki Sacco Ltd,0723 518 132central,Nyahururu,",Kenya","Nyahururu, Kenya",Kinamba Evans Enterprises,"Along Nyahururu - Ndindika Road, Kinamba Center Near Kinamba Petrol Station",0722 870 349central,Nyeri,",Kenya","Nyeri, Kenya",Blessed Connections,At Nakuru - Nyahururu Main Stage,0722 766 732central,Nyeri,",Kenya","Nyeri, Kenya",Best Electronics,"Next To Equity Bank, Kimathi Way",0729 784 841central,Nyeri,",Kenya","Nyeri, Kenya",Ivy Enterprices,"Next To Kemu University, Rware Building",0722 495 907central,Thika,",Kenya","Thika, Kenya",Ranky Autospares,"In Brilliant Bar Building, Near Mathai Supermarket",0722 778 588central,Kipawa Centre,",Kenya","Kipawa Centre, Kenya",Vanka General Shop,Along Kangundo Road,0723 490 555central,Thika,",Kenya","Thika, Kenya",Cherengani Stores,"Makongeni Phase Five,Madaraka Market",0722 807 294central,Thika,",Kenya","Thika, Kenya",Orchads Communications,Next To Safaricom Retail Centre,0724 985 030central,Thika,",Kenya","Thika, Kenya",quiznas Hair and Beauty Parlour,"Kenyatta Highway,Next to Kenol Petrol Station",0722 357 495central,Thika,",Kenya","Thika, Kenya",Safaricom Retail Centre,"Haria Building, Along Nkrumah Street",0710 658 204central,Thika,",Kenya","Thika, Kenya",Catem General Merchants,"Kenyatta Highway,Wanyua Market",0721 684 025coast,Mtwapa,",Kenya","Mtwapa, Kenya","M-KOPA, Mtwapa Communication Center",Opposite hakim hardware mtwapa.,0724 021 981coast,Malindi,",Kenya","Malindi, Kenya","M-KOPA,Malindi Saftel","Malindi town, opposite Habib Bank",0710 919 685coast,Mombasa,",Kenya","Mombasa, Kenya","M-KOPA ,Kilifi Acacia Insurance",Acacia Insurance next to Kitecoh complex,0708 086 597coast,Bamba,",Kenya","Bamba, Kenya",Mashallah Investment,"Along Mariakana - Kilifi Road, Bamba Market, Near Techno Shop",0721 227 686coast,Chumani,",Kenya","Chumani, Kenya",Ubwete Traders,Along Kilifi - Malindi Road,0713 112 138coast,Diani,",Kenya","Diani, Kenya",Safaricom Retail Centre,"Nakumatt Building, Diani Street",0717 599 079coast,Digo,",Kenya","Digo, Kenya",Safaricom Retail Centre,"Opposite Post Office, Digo Road",0715 439 721coast,Garsen,",Kenya","Garsen, Kenya",Abae Grain Millers & Supplies,Next To Garsen Post Office,0729 921 334coast,Hindi Market,",Kenya","Hindi Market, Kenya",Taiwa Commucations,"Near Mpeketoni,Along Malindi-Lamu road",0703 976 336coast,Gedi,",Kenya","Gedi, Kenya",Tellem Ltd,"Next to Gedi Youth Polytecnic, Along Mombasa - Malindi Road At The Junction to Watamu",0721 747 189coast,Kokotoni Market Centre,",Kenya","Kokotoni Market Centre, Kenya",Lightening bolt k. Ltd,Along Mombasa Nairobi Highway,0722 318 603coast,Malindi,",Kenya","Malindi, Kenya",Safaricom Retail Centre,"Tss Building, Kenyatta Road",0719 781 500coast,Mariakani,",Kenya","Mariakani, Kenya",Beamra Investment,At Main Stage,0724 503 038coast,Mariakani,",Kenya","Mariakani, Kenya",Kiragu Printers and M-pesa,"Along the Highway ,Opposite Coast Parish Hotel,Near Mariakani Judiciary",0722 879 242coast,Migadini,",Kenya","Migadini, Kenya",Tamaz communication,Opposite Bareko Bar,0722 412 591coast,Mtwapa,",Kenya","Mtwapa, Kenya",Mlish investment,"Karama, Mwisho Wa Matatu Behind Kongowea Market",0722 105 018coast,Mobile dealer,",Kenya","Mobile dealer, Kenya",Sunshine Communications,Mobile(moves from town to town),0724 529 684coast,Mombasa,",Kenya","Mombasa, Kenya",Tosh Centre,"Along Hospital Street,Opposite Hide Corner Restaurant",0722 595 079coast,Mombasa,",Kenya","Mombasa, Kenya",Giltech Blessed Electricals,Mishomoroni Gorofani Shopping Centre Next to Mwisho wa Lami,0724 314 386coast,Mombasa,",Kenya","Mombasa, Kenya",Safaricom Retail Centre,"Rex House, Moi Avenue Street",0728 593 997coast,Mpeketoni,",Kenya","Mpeketoni, Kenya",Joeschem Afia Enterprises,"Along Malindi-Lamu Rd,Winners lodge next to Safaricom Towers",0725 873 664coast,Nyali,",Kenya","Nyali, Kenya",Safaricom Retail Centre,"City Mall, Nyali Mombasa - Malindi Highway",0716 075 147coast,"Kaloleni, Giriama",",Kenya","Kaloleni, Giriama, Kenya",Taji Hardware and General Suplies,"At the Junction of Mariakani - Kaloleni Road Near Ventures Land Chemist, Opposite Sweet Joint Hotel",0722 475 839coast,Kaloleni,",Kenya","Kaloleni, Kenya",Lightening Bolt-Kilifi Kaloleni,Next to Deliverance Faith Academy,0704 560 772coast,Kilifi,",Kenya","Kilifi, Kenya",PCI Electronics and Computers,Next Armtec Shop,0723 172 021coast,Kilifi,",Kenya","Kilifi, Kenya",Canaan Business Centre,"Kibaoni Market, Kilifi Town Opposite Pwani University",0719 470 266coast,Kilifi,",Kenya","Kilifi, Kenya",Medium Hardware,Along Kilifi - Vitengeni Road Matano Mane Trading Centre,0712 340 101coast,Kilifi,",Kenya","Kilifi, Kenya",Armtect Comminications,Opposite Titanic Hotel,0721 597 875coast,kilifi,",Kenya","kilifi, Kenya",Bayt Construction Ltd,Charo Mae At The Kilifi Stage,0700 117 978coast,Kilifi,",Kenya","Kilifi, Kenya",Annex Telcom,"Matsagoni Shopping Center, Along Kilifi - Malindi Road",0729 870 642coast,Kilifi,",Kenya","Kilifi, Kenya",Mikes Mini Shop,"Along Malindi - Kilifi Highway, Kibaoni Shopping,Opposite Pwani University",0721 634 008coast,Kilifi,",Kenya","Kilifi, Kenya",Elegant Comm,"Tezo Trading Centre, Along Kilifi - Malindi Highway",0720 708 075coast,Kilifi,",Kenya","Kilifi, Kenya",Jubah Agencies,"Enterprise rd,Near Titanic Hotel,Opposite Ndala Hse",0721 210 933coast,Kilifi,",Kenya","Kilifi, Kenya",Mwananchi Shop/Blue Diamond,Kiwandani Centre,0720 867 823coast,Shanzu,",Kenya","Shanzu, Kenya",Lightening Bolt-Shanzu,"Shanzu Market,Next to Bundus Pub,Along Mombasa-Malindi Old road.",0729 285 205coast,Sultan,",Kenya","Sultan, Kenya",Good Luck Agrovet,"Danico Communication,Opposite Sultan Police Station",0724 453 136coast,Taveta,",Kenya","Taveta, Kenya",Magutu Provision Store,"Next To Taveta District Hospital, Opposite Taveta Posta",0725 962 941coast,Takaungu,",Kenya","Takaungu, Kenya",Takaungu Shop & M-pesa,"Takaungu Junction, Along Mombasa - Kilifi Road",0721 333 270coast,Voi,",Kenya","Voi, Kenya",Sagalla Hardware,"Voi CBD, Near Equity Bank",0721 524 163coast,Voi,",Kenya","Voi, Kenya",Taji Hardware and General Suplies,At the Bus Terminus,0714 302 630coast,Watamu,",Kenya","Watamu, Kenya",Sawere Mobile Phones Network Ltd,"Along Marine Road, OppositeTurtlebay Hotel",0726 505 250eastern,Emali,",Kenya","Emali, Kenya","M-KOPA, Emali -Nasaru Bookshop",Nasaru Bookshop at Maasai Inn Guest House,0702 163 616eastern,Wote,",Kenya","Wote, Kenya","M-KOPA,Wote PPS Mobile Ltd","Wote Center opposite Wote market,Wote town",0710 919 401eastern,Kajiado,",Kenya","Kajiado, Kenya","M-KOPA, Kajiado-Atlantic Communication Ltd Warehouse",Opposite Kajiado stage,0710 918 508eastern,Kajiado,",Kenya","Kajiado, Kenya","M-KOPA, Kiserian Olomunyak","Kiserian Main Market, opposite Shine Butchery",0708 086 580eastern,Athi River,",Kenya","Athi River, Kenya","M-KOPA, Athi River - PN Ndeti and Bros",Athi River Makadara stage on PN Ndeti Building,0708 086 538eastern,Embu,",Kenya","Embu, Kenya","M-KOPA, Telematt view site",Next to Consolidated bank opposite family Bank,0708 086 488eastern,Isiolo,",Kenya","Isiolo, Kenya","M-KOPA, Isiolo electronic traders",On Multi Plaza Building opposite Shell Petrol station,0708 086 585eastern,Machakos,",Kenya","Machakos, Kenya","M-KOPA, Machakos Town - Nijrang enterprises",Nijrang enterprises Machakos Opposite K-rep bank,0708 086 601eastern,Archer's Post,",Kenya","Archer's Post, Kenya",Acacia Cyber Shop,"Next to Equity Bank,36kms from Isiolo",0722 886 597eastern,Athi River,",Kenya","Athi River, Kenya",Databel Investments,Next To Cooperative Bank,0724 082 443eastern,Chuka,",Kenya","Chuka, Kenya",Nikis Shop,Ndagani Market behind Muringa Hotel,0727 883 366eastern,Chuka,",Kenya","Chuka, Kenya",Generation Electronics Chuka,Opposite Equity Bank,0721 404 148eastern,Chuka,",Kenya","Chuka, Kenya",Cyber Com Café,Prestige School/uniform and beauty Parlour Opposite Marigiti Market,0722 382 078eastern,Embu,",Kenya","Embu, Kenya",Generation Electronics Embu,Opposite Equity Bank,0725 225 250eastern,Embu,",Kenya","Embu, Kenya",Safaricom Retail Centre,"Next To Equity Bank, Near Kwft( Kenya Women Finance Trust)",0728 539 560eastern,Ewaso Nyiro,",Kenya","Ewaso Nyiro, Kenya",Bonafra-Sura Area,Narusora Trading Center,0722 967 507eastern,Karama,",Kenya","Karama, Kenya",Dorjols Investment,"Karama Market,At the Main Stage",0728 898 715eastern,Kitui,",Kenya","Kitui, Kenya",Milligan Heritage Katutu,Kabati Market,0720 989 977eastern,Kitui,",Kenya","Kitui, Kenya",Mambo Electronics,Opposite KCB Bank,0722 428 470eastern,Kitui,",Kenya","Kitui, Kenya",Generation Electronics Kitui,Opposite Kcb Bank,0729 608 000eastern,Kitui,",Kenya","Kitui, Kenya",Safaricom Retail Centre,Muli Opposite Equity Bank,0711 388 963eastern,Kimana,",Kenya","Kimana, Kenya",Markpoint Kimana,"Kimana town, at Loitoktok stage opposite Cross Road hotel",0727 097 501eastern,Kiutine,",Kenya","Kiutine, Kenya",Destiny Electronics,"Kiutine Market,(Near Meru National Park),Opposite Mkulima Stores",0724 832 102eastern,Laare,",Kenya","Laare, Kenya",Katharaka Electronics,"Near Main Stage,Opposite Bull Bull Chemist,Next Jm Electronics",0723 357 811eastern,Loitoktok,",Kenya","Loitoktok, Kenya",Phonez Wireless Communications loitoktok,"Near Ilham Supermarket, Next To Main Market",0724 321 552eastern,Loitoktok,",Kenya","Loitoktok, Kenya",Kinfone Communications,Near Post Office,0721 510 088eastern,Machakos,",Kenya","Machakos, Kenya",Cyber Com Cafe,"Mawa Building, Next To Joyland Restaurant, Nunguni Market",0711 904 106eastern,Machakos,",Kenya","Machakos, Kenya",Image Connections,Musau Mwania Building Next To Safaricom House,0722 388 824eastern,Machakos,",Kenya","Machakos, Kenya",Generation Electronics Machakos,Next to Safaricom Shop Machakos,0725 180 765eastern,Machakos,",Kenya","Machakos, Kenya",Safaricom Retail Centre,"ABC Plaza, Opposite T.Tot Restaurant",0720 582 127eastern,Marimanti,",Kenya","Marimanti, Kenya",Iringo Electronics,Kibui Investments Building Off Gatunga Street,0720 361 732eastern,Marimanti,",Kenya","Marimanti, Kenya",Obedient Solartech Systems,"Marimanti Market,Opposite the Depot",0723 369 715eastern,Makindu,",Kenya","Makindu, Kenya",Jeshcom Electronics,Makindu Main Stage,0722 111 808eastern,Magadi,",Kenya","Magadi, Kenya",Pekimu Communications,Sokoni Next to Magadi Plant,0726 754 848eastern,Matuu,",Kenya","Matuu, Kenya",Image Connection,"Along Jua Kali Street,Tala House",0712 243 047eastern,Matuu,",Kenya","Matuu, Kenya",Thaisu Matuu,"Kimiti,Off Kangundo Road At Nimroad Junction after Kantafu",0722 962 899eastern,Matuu,",Kenya","Matuu, Kenya",Generation Electronics Matuu,Opposite Bidii Supermarket,0726 299 372eastern,Maua,",Kenya","Maua, Kenya",Clarex Agencies Ltd,"Kenduba House,Opposite Methodist Hospital,Kanuni stage",0726 361 220eastern,"Maua, Mutuati",",Kenya","Maua, Mutuati, Kenya",Geofrey Auto Spares,Mutuati Shopping Centre Next to Kabachi Stage,0726 352 525eastern,Maua,",Kenya","Maua, Kenya",Safaricom Retail Centre,Next To KCB Bank,0714 242 711eastern,Meru,",Kenya","Meru, Kenya",Njumwa Mobiles,Near Uchumi Supermarket Behind Equity Bank,0726 716 048eastern,Meru,",Kenya","Meru, Kenya",Isaco Computers,"Mikinduri Market,Along Meru-Mikinduri-Maua Rd,Tigani East,Near Mwangaza Hardware",0710 346 000eastern,Meru,",Kenya","Meru, Kenya",High Energy Power,"Moi Avuene Chloride Depot,Before Equity Bank",0721 515 099eastern,Meru,",Kenya","Meru, Kenya",Kings Mobiles,Njuri Njeke Street At Ndeiya Building,0720 326 218eastern,Meru,",Kenya","Meru, Kenya",Safaricom Retail Centre,Njure Njeke Street Opposite National Oil Petrol Station,0700 506 281eastern,Meru,",Kenya","Meru, Kenya",Snowman Company Ltd,"Along Ghana Street,Opposite Uchumi Supermarket",0726 718 038eastern,Meru,",Kenya","Meru, Kenya",Steblo Connections,"Along Njuri Njeke Street,Next to Eco Bank",0728 893 344eastern,Mitunguu,",Kenya","Mitunguu, Kenya",Mitunguu Agrovet,"Along Nkubu - Tharaka Nthi, Mitunguu Market",0721 235 500eastern,Mwingi,",Kenya","Mwingi, Kenya",Peak Africa Mwingi,"Next To Fresh Produce Market, Opposite Virotec Bookshop",0721 200 084eastern,Mwingi,",Kenya","Mwingi, Kenya",Generation Electronics Mwingi,"Along Garissa Highway,Near Hodari Bookshop",0721 648 158eastern,Mwingi,",Kenya","Mwingi, Kenya",Best Solution,Next To Osa Vinya,0723 602 626eastern,Nkubu,",Kenya","Nkubu, Kenya",Kings Mobiles,"Icon Plaza, Along Meru - Nairobi Highway",0720 326 218eastern,Nkubu,",Kenya","Nkubu, Kenya",Copper Belt Communication,"Main Stage,Next to Jube Supermarket",0725 690 069eastern,Nthangarine,",Kenya","Nthangarine, Kenya",Joliam Entrprises,"Nthangarine Center,Next to Methodist church",0725 286 701eastern,Siakago,",Kenya","Siakago, Kenya",Shalom Computers,"Along Siakago - Kiritire Road, Mavuria Building, Siakago Market",0721 759 746eastern,Tala,",Kenya","Tala, Kenya",Rat Race Shop,Opposite Total Petrol Station,0712 748 454eastern,Tala,",Kenya","Tala, Kenya",Generation Electronics Tala,"Kaseveni Building,Near bus stage",0700 172 222eastern,"Tunyai, Meru South",",Kenya","Tunyai, Meru South, Kenya",Drip Technology,Opposite Tunyai Health Centre,0721 227 686eastern,Wamunyu,",Kenya","Wamunyu, Kenya",Kangoko Electronics,"Along Machakos-Kitui Road, Near Wamunyu Petrol Station",0713 277 132eastern,"Wote, Makueni",",Kenya","Wote, Makueni, Kenya",Sunshine Electronics-Wote,Wote Shopping Centre on KCB Bank Building,0727 498 601eastern,Wote,",Kenya","Wote, Kenya",Generation Electronics Wote,Near KCB Bank,0724 342 789eastern,Oldonyo-Orok,",Kenya","Oldonyo-Orok, Kenya",Gatemara Hotel,"Transmara road,Oldonyo Orok Center,Next to Chifa Bookshop",0718 263 483nairobi,Nairobi,",Kenya","Nairobi, Kenya","M-KOPA, Nairobi - Kawangware foraSoda","At the end of 56 stage, next to Mbukinya booking stage at Fora Soda depot",0708 086 591nairobi,Buruburu,",Kenya","Buruburu, Kenya",Safaricom Retail Centre,"Buruburu Phase 2, Behind Kenya National Library, Next To St James Church",0716 124 058nairobi,Eastleigh,",Kenya","Eastleigh, Kenya",Safaricom Retail Centre,Nomad Palace Hotel Building Ground Floor Opposite Former KBS Garage,0716 124 058nairobi,Embakasi,",Kenya","Embakasi, Kenya",Mobile World (K) Ltd,Near Kobil Petrol Station / Nakumatt Supermarket,0727 536 865nairobi,Isinya,",Kenya","Isinya, Kenya",You & Me Tech,Delmonk Building Opposite Massmatt Supermarket,0722 578 557nairobi,Kajiado,",Kenya","Kajiado, Kenya",Best Electronics,"Gass House, Between K Rep Bank & Equity Bank",0723 532 655nairobi,Kajiado,",Kenya","Kajiado, Kenya",Yes We Can,"Bissel Shopping Centre, Along Namanga Road",0723 445 198nairobi,Kawangware,",Kenya","Kawangware, Kenya",Bennymerry Telefast Business,"Kawangware 56, Salim Road, Between Legio Maria and Stage Two Opposite Balozi Butchery.",0725 070 180nairobi,Kilimani,",Kenya","Kilimani, Kenya",Mweche Fone Ventures,"Suite B2 2nd Floor Machera Court, Komo Lane Off Wood Avenue",0704 024 111nairobi,Kisamis,",Kenya","Kisamis, Kenya",Mama Eric Shop,Kisamis Shopping Center,0710 341 275nairobi,Kiserian,",Kenya","Kiserian, Kenya",Trindad Enterprises,Near Total Petrol Station,0723 065 950nairobi,Kitengela,",Kenya","Kitengela, Kenya",Island Manangement,Chairman Place,0721 630 998nairobi,Kitengela,",Kenya","Kitengela, Kenya",Image Connections,Nalepo Building Ground Floor,0712 479 114nairobi,Kitengela,",Kenya","Kitengela, Kenya",Kina Chemist,"Tarino Building, Opposite Gate Hotel",0717 210 778nairobi,Kitengela,",Kenya","Kitengela, Kenya",Rophem Telecom,Next to Eastmatt Supermarket Kitengela,0721 852 770nairobi,Komarock,",Kenya","Komarock, Kenya",Good Luck Stores,Near Komarock Methodix At The Roundbout,0724 509 530nairobi,Lavington,",Kenya","Lavington, Kenya",Lavington Hardware,Next To Chadarana Supermarket,0722 540 664nairobi,Nairobi,",Kenya","Nairobi, Kenya",Safaricom Retail Centre,"Along Langata Road at Magadi Road Juction, Galleria Mall",0716 937 577nairobi,Nairobi,",Kenya","Nairobi, Kenya",Safaricom Retail Centre,"Parkland Road off Karuna Road,Sarit Centre",0715 603 400nairobi,Nairobi,",Kenya","Nairobi, Kenya",Bell Kenya Company Limited,"Mpaka Road,Jethro Chambers,Westlands",0722 526 777nairobi,Nairobi,",Kenya","Nairobi, Kenya",Rasasi Investment Ltd,"Quincy Mall,Along Kungu Karumba road,Langata,Otiende",0722 493 122nairobi,Nairobi,",Kenya","Nairobi, Kenya",Mara Logistics Support Ltd,"Njengi House 4th Floor, Tom Mboya street.",0721 255 871nairobi,Nairobi,",Kenya","Nairobi, Kenya",Untouchable Limited,"Ngong road,Behind Tuskys supermarket",0722 543 310nairobi,Nairobi,",Kenya","Nairobi, Kenya",Safaricom Retail Centre,"Along Ngong Road,Opposite Kenya Science Nairobi Campus",0722 114 655nairobi,Nairobi CBD,",Kenya","Nairobi CBD, Kenya",Safaricom Retail Centre,"Moi Avenue, Next To Kenya Cinema",0728 248 598nairobi,Nairobi CBD,",Kenya","Nairobi CBD, Kenya",Copymax Printers and Stationeries Ltd,Opposite New Stanley Hotel,0721 354 294nairobi,Nairobi CBD,",Kenya","Nairobi CBD, Kenya",Cyber Com Cafe,"Along Tom Mboya Street Stewart House 1St Floor, Room 4",0711 904 106nairobi,Nairobi CBD,",Kenya","Nairobi CBD, Kenya",Safaricom Retail Centre,"I&M Building, Kenyatta Avenue",0726 907 478nairobi,Nairobi CBD,",Kenya","Nairobi CBD, Kenya",Safaricom Retail Centre,"Kimathi Street,Next to Nation Center Building",0715 603 400nairobi,Nairobi CBD,",Kenya","Nairobi CBD, Kenya",Quiznas Hair and Beauty Parlour,Along Moi Avenue Kenya Cinema Building,0722 596 851nairobi,Nairobi CBD,",Kenya","Nairobi CBD, Kenya",Cheche Telecommunications,"Lonhro House, 2nd Floor, Kaunda Street",0722 715 836nairobi,Nairobi CBD,",Kenya","Nairobi CBD, Kenya",Kenpat Communications Limited,"New Stanley Hotel Building, Ground Floor Opposite Lornho House",0713 323 882nairobi,Ngong,",Kenya","Ngong, Kenya",Wataalamu Company Limited,Opposite Barclays Bank,0722 440 294nairobi,Nyayo Stadium,",Kenya","Nyayo Stadium, Kenya",Safaricom Retail Centre,"Nakumatt Mega, Near Nyayo Stadium",0710 790 399nairobi,"Utawala, Nairobi",",Kenya","Utawala, Nairobi, Kenya",Shechinah Home Systems Limited-Utawala,"Kwa Chief Stage,After AP training school",0725 209 906nairobi,Westlands,",Kenya","Westlands, Kenya",Safaricom Sacco Limited,"Safaricom Sacco Office, Safaricom Building Near Sarit Centre",0722 003 228nairobi,Westlands,",Kenya","Westlands, Kenya",D.light Office,James Gichuru Road,0724 458 839north eastern,Garissa,",Kenya","Garissa, Kenya",Safaricom Garissa,"Jihan Center,Near the round about",0702 033 243north eastern,Habaswein,",Kenya","Habaswein, Kenya",Cliff Promoters-Habaswein District,"Along Garissa-Wajir Highway,Mogodoshe Junction,Opposite First Community Bank",0718 050 548north eastern,Marsabit,",Kenya","Marsabit, Kenya",Somar Shop,Next to Kenya Women Trust Fund,0721 764 019north eastern,Wajir,",Kenya","Wajir, Kenya",Cliff Promoters,Near Transcounty Bus,0722 112 207nyanza,Kisii,",Kenya","Kisii, Kenya","M-KOPA, Sori Hi Five Service Center",Sori town along main street next to Co-operative bank.,0702 164 092nyanza,Kisumu,",Kenya","Kisumu, Kenya","M-KOPA, Luanda Cranes Chemist","Kisumu -Busia rd ,Luanda town next to Equity Bank.",0702 164 157nyanza,Kisumu,",Kenya","Kisumu, Kenya","M-KOPA,Aram Cool Breeze Shop","Aram Cool Breeze Shop Asembo Bay, Aram Town",0702 164 197nyanza,Kisii,",Kenya","Kisii, Kenya","M-KOPA,Sondu Pebo (K) Limited","Along Kisii-Kisumu road,close to sondu main market next to Equity ATM,before National Oil",0702 164 174nyanza,Kisumu,",Kenya","Kisumu, Kenya","M-KOPA, Port Victoria Mama Salama Shop","Port Victoria Town, Next Kenya Commercial Bank (KCB)",0724 021 844nyanza,Keroka,",Kenya","Keroka, Kenya","M-KOPA,Keroka Cheche Telecom",Keroka town county opposite keroka police station.,071 0919 865nyanza,Kisii,",Kenya","Kisii, Kenya","M-KOPA, Kehancha Kazimoni Warehouse",Kehancha town at the stage next to Kehancha municipal market,0710 919 317nyanza,Kisumu,",Kenya","Kisumu, Kenya","M-KOPA, Oasis Shop-Muhoroni",Next to Kenya Commercial Bank Muhoroni Town,0710 919 769nyanza,Kisumu,",Kenya","Kisumu, Kenya","M-KOPA, Daimalane Chemists",Ahero Kisii road Katito town next to Kenya Womens bank,0710 919 871nyanza,Rongo,",Kenya","Rongo, Kenya","M-KOPA, Rongo - Ramogi",Along Migori Isbania road opposite Migori primary School.,0708 086 605nyanza,Kisumu,",Kenya","Kisumu, Kenya","M-KOPA, Kisumu - Maggos Agrovet",Directly opposite Kammas petrol station.,708 086 610nyanza,Kisii town,",Kenya","Kisii town, Kenya","M-KOPA, Kisii - Fargo",Daraja Mbili next to Honda office.,0708 086 571nyanza,Siaya town,",Kenya","Siaya town, Kenya","M-KOPA, Siaya - evolution investment",Siaya centre building next to post bank building.,0708 086 577nyanza,Ogembo,",Kenya","Ogembo, Kenya","M-KOPA, Ogembo","Ogembo town at the main stage, opposite swata supermarket off the main highway",0708 086 489nyanza,Bondo,",Kenya","Bondo, Kenya","M-KOPA, Bondo - Sunny electronics",Bondo Town at the main stage.,0708 086 573nyanza,Homabay,",Kenya","Homabay, Kenya","M-KOPA, Homabay - Outspring investments","Directly opposite police line, next to Homabay posta, or next to twin tower hotel.",0708 086 486nyanza,Nyamira,",Kenya","Nyamira, Kenya","M-KOPA, Keleen animal services",Nyamira-Nyabite Market Next to KPLC.,0708 086 616nyanza,Ahero,",Kenya","Ahero, Kenya",El Shadai Electronics Ahero,"Along a Thousand street,Next to Bata,Oppossite Sunbathe Electrical",0710 239 200nyanza,Akala,",Kenya","Akala, Kenya",Tahidi Capital Limited,"Akala Trading Center, Along Kisumu Bondo Road",0715 276 689nyanza,Amagoro,",Kenya","Amagoro, Kenya",Bokanda Mpesa Shop,"Along Eldoret-Malaba Road, Opposite Koteko Enterprises",0721 388 802nyanza,Asembo Bay,",Kenya","Asembo Bay, Kenya",Kadongo Hardware,Along Bondo-Ndori rd,0712 110 139nyanza,Awasi,",Kenya","Awasi, Kenya",Ayany Enterprises,"200m off Kisumu - Nairobi Highway On Awasi - Gatito Road, near Awasi Resort Club",0722 713 328nyanza,Awendo,",Kenya","Awendo, Kenya",Elicom Systems,Raneen Market Centre,0700 552 677nyanza,Awendo,",Kenya","Awendo, Kenya",Nyarkadera Agrovet,Opposite Equity Bank,0721 233 923nyanza,Bondo,",Kenya","Bondo, Kenya",Mama Carole Store,Migingo Market,0715 828 563nyanza,Bumala,",Kenya","Bumala, Kenya",Nango Shop,"Along Funyula Road,Opposite The Main Gate",0722 796 445nyanza,Bondo,",Kenya","Bondo, Kenya",Cehni Ltd,"2nd Street,Opposite Walkers Hotel",0716 172 157nyanza,Bondo,",Kenya","Bondo, Kenya",Queens Video Library,"Main Stage,Behind Bondo Palace Bar",0716 328 928nyanza,Bukuga,",Kenya","Bukuga, Kenya",Mungoma Communications,Along Majengo Lwanda Road Vihiga,0725 024 050nyanza,Busia,",Kenya","Busia, Kenya",Yako Supermarket,Along Kisumu- Busia Highway,0725 999 910nyanza,Busia,",Kenya","Busia, Kenya",Yasin Supermarket,"Malaba Highway,Opposite Cooperative Bank",0722 141 587nyanza,"Chebera Centre,Sondu",",Kenya","Chebera Centre,Sondu, Kenya",Kodhiambo Bei Nafuu Shop,Along Sondu-Oyugis road,0726 241 112nyanza,Chemelil,",Kenya","Chemelil, Kenya",Bismillahi Shop,Chemelili Round About,0728 609 043nyanza,"Chuthber, Kisumu",",Kenya","Chuthber, Kisumu, Kenya",Ebenezer Shop,Opposite Bondo Stage Kisian- Bondo Road,0726 064 285nyanza,"Dudi, Kisumu",",Kenya","Dudi, Kisumu, Kenya",Faith Electrical Shop,At Dudi Shopping Centre Along Kisumu-Busia Road,0720 591 519nyanza,Dunga Beach,",Kenya","Dunga Beach, Kenya",Ecofinder Kenya,"C/O Dunga Wetland Pedagogical Centre, Dunga Beach",0726 701 042nyanza,Funyula,",Kenya","Funyula, Kenya",Rowes Shop,Opposite Zaire Complex,0716 828 789nyanza,Gesima Market,",Kenya","Gesima Market, Kenya",Gesima Hardware,"At Gesima Market,after KerokaTown",0723 592 313nyanza,Homabay,",Kenya","Homabay, Kenya",Jadwinda Grocery,Next to Homabay District General Hospital,0721 486 647nyanza,Homabay,",Kenya","Homabay, Kenya",Mayian Communications Limited Homabay,At the Main Stage,0711 503 997nyanza,Homabay,",Kenya","Homabay, Kenya",Oranga Butchery,"Opposite Priyu Hardware,Next to Shivling Supermarket",0720 102 128nyanza,Kadongo,",Kenya","Kadongo, Kenya",The Weizmanns Investments,"Along Kisumu-Kisii road,Kisumu Stage,Next to Alfa Bakery Building.",0725 109 468nyanza,Kandiege,",Kenya","Kandiege, Kenya",Goodheart Investments,"Kandiege Shopping Centre,0ff Homabay-Kisumu rd",0726 553 146nyanza,Kedowa,",Kenya","Kedowa, Kenya",Kevis Farm Input Supplies,"Nemaus Building, Next To Juhudi Building",0721 130 022nyanza,Kendu Bay,",Kenya","Kendu Bay, Kenya",Njasho Electronicskitale,Main Stage Opposite Nyamira Booking Office,0725 120 880nyanza,Kendu Bay,",Kenya","Kendu Bay, Kenya",Santa Eagle Enterprise,"Opposite Roman Green Restraurant,Along Old town road,at the Kendu Bay Junction",0725 772 732nyanza,Keroka,",Kenya","Keroka, Kenya",Aberdare Comm,Opposite Kerira Primary School/SDA Keroka Central Church,0711 726 060nyanza,Kilingili,",Kenya","Kilingili, Kenya",Farmers Centre & Agrovet,Opposite Kilingili Police Station,0722 692 475nyanza,Kisii,",Kenya","Kisii, Kenya",Mochoni Shop,"Along Nyangusu-Nyacheki-Masimba-Keroka Rd,Lower side of the market,Next to Farm Input Shop",0723 281 106nyanza,Kisii,",Kenya","Kisii, Kenya",Safaricom Retail Centre,"Opposite Falcon Petrol Station, Hospital Road",0705 981 094nyanza,Kisii,",Kenya","Kisii, Kenya",Salen Logistics,Along Kisii - Kisumu Highway Opposite Fennados Inn(2)Next Bima Poshomill,0710 830 667nyanza,Kisumu,",Kenya","Kisumu, Kenya",Kadimo Electonics,Opposite Kisumu Boys,0721 780 819nyanza,Kisumu,",Kenya","Kisumu, Kenya",Ndege Fashions,"Along Apidi Road,New Garissa Market",0722 239 270nyanza,Kisumu,",Kenya","Kisumu, Kenya",Migosi Shop,"Next to Migingo Home Pub,off Kisumu-Bondo road, Ndere National Park Junction.",0712 086 441nyanza,Kisumu,",Kenya","Kisumu, Kenya",Imani Uwezo,"Behind Ukwala Supermarket CBD Kisumu, Opposite Kemfed Hotel, near Kisumu Sportsground",0721 429 854nyanza,Kisumu,",Kenya","Kisumu, Kenya",Titanic Caretakers,"Along Karume Road, Next To Mundu Bar",0700 476 559nyanza,Kisumu,",Kenya","Kisumu, Kenya",Capital Real Time,"Omonyola market,Adjacent to Capital Mpesa,Near Cherwa Secondary School,0ff Kisumu-Sondu road",0725 912 018nyanza,Kisumu,",Kenya","Kisumu, Kenya",Kich Construction Ltd,"Gatito Shopping Centre, Opposite Katito Market On Ahero to Kisii Highway",0729 577 107nyanza,Kisumu,",Kenya","Kisumu, Kenya",Powernetworks Ltd Kisumu,"Along Accra Street,Oppossite Anvi Emprium",0710 958 400nyanza,Kisumu,",Kenya","Kisumu, Kenya",Happy Go,"Mwananchi Center, Jomo Kenyatta Highway",0770 652 678nyanza,Kisumu,",Kenya","Kisumu, Kenya",Witoks Investment,At Bus Park,0721 515 287nyanza,Kisumu,",Kenya","Kisumu, Kenya",Safaricom Retail Centre,"Oginga Odinga Street, Opposite Standard Chartered Bank",0705 848 884nyanza,Kisumu,",Kenya","Kisumu, Kenya",Safaricom Retail Centre,Oginga Odinga Street At Nakumatt Mega Building,0727-631 397nyanza,"Kisumu,Nyalenda",",Kenya","Kisumu,Nyalenda, Kenya",Genesis Shop,"Nyalenda,Next to Ka Water",0721 410 423nyanza,Kobala,",Kenya","Kobala, Kenya",Ufanisi Foundation Development Initiative,Along Katito - Kendubay Road,0712 972 237nyanza,Kombewa,",Kenya","Kombewa, Kenya",Dic Dic Agrovet,"Kombewa Market, Cosmos Bar Building",0720 206 586nyanza,Luanda,",Kenya","Luanda, Kenya",Segis Chemist,Past Maseno University At Luanda Shopping Centre Main Stage,0720 715 844nyanza,Lunyanyiro,",Kenya","Lunyanyiro, Kenya",Star Mobile-Lung'anyiro,Along Busia - Mumias Road,0724 247 755nyanza,"Magunga,Guasi",",Kenya","Magunga,Guasi, Kenya",Falcon Computers,Magunga Trading Centre Near Webs Pub,0720 427 989nyanza,Marindi,",Kenya","Marindi, Kenya",Marindi General Hardware,"Along Rodikopany-Homabay rd,Next to Joyland Bar and Restaurant",0728 677 883nyanza,Mbale,",Kenya","Mbale, Kenya",Concept Technologies,"Along Majengo - Luanda Route, Near Vihiga primary School",0717 733 395nyanza,Mbita,",Kenya","Mbita, Kenya",Mama Franc Salon,Naruesa House,0720 328 815nyanza,Mbita,",Kenya","Mbita, Kenya",Mama Milka Shop,Next to the 2nd Market gate,0725 200 526nyanza,Mbita,",Kenya","Mbita, Kenya",Mudambo Shop,Keta Seluler Service Opposite Safina Petrol Station,0720 721 171nyanza,Migori,",Kenya","Migori, Kenya",Ramogi Media,Opposite Migori Primary Along Migori - Isbania Highway,0720 470 098nyanza,"Migori,Kiancha",",Kenya","Migori,Kiancha, Kenya",Sunderlander Communication,Next to Post office,0707 818 368nyanza,Migori,",Kenya","Migori, Kenya",Jobo Electronics,"Along Kisii Migori Highway, Near St. Pius Uriri High School",0720 325 918nyanza,Migori,",Kenya","Migori, Kenya",Lanta Pharmacy,Next To Bahati Hospital,0725 872 284nyanza,Migori,",Kenya","Migori, Kenya",Bob Stores,"Bande Centre,Along Giribe road,Next to Olando Chips Camp",0708 488 909nyanza,Miwani,",Kenya","Miwani, Kenya",Make Me Smile Children's Home,"Along Kisumu-Miwani-Chemelil Rd,At the BQ estate",0725 643 867nyanza,Mumias,",Kenya","Mumias, Kenya",Mumias Phone & Accessories,"Phonex Electronics, Mumias Opposite Cooperative Bank",0713 579 835nyanza,Mumias,",Kenya","Mumias, Kenya",Caneb Enterprise,Next To Barclays Bank,0728 113 133nyanza,Mumias,",Kenya","Mumias, Kenya",Gem-stone Electricals and Services,"Shianda, Kakamega - Mumias Road.",0727 349 510nyanza,Namanga,",Kenya","Namanga, Kenya",Admido Agencies Ltd,After The Police Station,0724 928 435nyanza,Nambale,",Kenya","Nambale, Kenya",Shechinah Home Systems Limited,Along Busia Mumias Road - Opposite Nambale New Market,0725 209 906nyanza,Nambale,",Kenya","Nambale, Kenya",Zach's Shop,"Opposite DC's Office, Mumias- Busia Road",0729 390 390nyanza,Ndenda Highlands,",Kenya","Ndenda Highlands, Kenya",George Luya Shop,Ndenda Beach Shopping Centre,0723 384 630nyanza,Nyadorera,",Kenya","Nyadorera, Kenya",Mama Linda Shop Nyadorera,"Nyadorera market along Siaya-Ruambua Rd, Mama Linda Filling station",0727 608 693nyanza,Nyangande,",Kenya","Nyangande, Kenya",Dominc Wauga Foundation,Along Ahero - Rabuor Road Korowe Market Junction,0728 102 281nyanza,Obambo Market,",Kenya","Obambo Market, Kenya",Iro Agencies,Opposite Obambo Secondary School,0722 144 662nyanza,Oyugis,",Kenya","Oyugis, Kenya",Kwan International,Opposite Nyamira Stage,0724 969 288nyanza,Oyugis,",Kenya","Oyugis, Kenya",Baraka,Along Kisii - Kisumu Highway Opposite Guardian Angels Booking Offices,0724 911 519nyanza,Pala,",Kenya","Pala, Kenya",Blessed Enterprise,"After Ndhiwa Town,Opposite DO's office",0720 721 171nyanza,Port Victoria,",Kenya","Port Victoria, Kenya",Tyra Ventures,"Next To Port Victoria District Hospital, Marenge Beach Road After Bumala Town",0718 897 789nyanza,Rangwe,",Kenya","Rangwe, Kenya",Longcheeze Enterprises,"Rangwe Market,Opposite Odeon Butchery",0729 458 430nyanza,Rodi Kopany,",Kenya","Rodi Kopany, Kenya",Techa Agrovet,"Rodi Kopany Market Centre,Along Ndhiwa rd",0702 113 759nyanza,Rongo,",Kenya","Rongo, Kenya",Farmland Agrovet,"Rongo Shopping centre, Opposite KCB Bank",0722 762 687nyanza,Rongo,",Kenya","Rongo, Kenya",Belmira Communication,Opposite Senator Lounge,0700 228 484nyanza,Rongo,",Kenya","Rongo, Kenya",Ramogi - Rongo,Opposite Rongo University,0722 399 762nyanza,Rongo,",Kenya","Rongo, Kenya",M-communications,Next to Nelson Junior Hotel,0723 232 308nyanza,Rongo,",Kenya","Rongo, Kenya",Liwatoni shop,"Next to Rongo Law Courts,Opposite KCB Bank",0726 855 167nyanza,Siaya,",Kenya","Siaya, Kenya",Four Winds Communication,Next To Post Bank,0715 251 147nyanza,Siaya,",Kenya","Siaya, Kenya",Mc' Ojema Kiosk,"Along Siaya-Hawinga Rd,Opposite Misori Kaugagi Primary School",0727 783 218nyanza,Siaya,",Kenya","Siaya, Kenya",Electro - Point Shop,"Next To Caltex Petrol Station, Opposite Mbukinya Booking Office",0720 109 539nyanza,Sindo,",Kenya","Sindo, Kenya",Neema Books and Stationery-Sindo,Opp Community Bank,0712 242 144nyanza,"Sisenye, Busia",",Kenya","Sisenye, Busia, Kenya",Bamboo Communication,Along Bumala Port Road at Sisenye Market,0722 284 000nyanza,Sondu,",Kenya","Sondu, Kenya",Sajjels Communications,"Along Kisii-Kisumu Highway,Oppossite Sondu Mosque",0720 651 609nyanza,Tigoi,",Kenya","Tigoi, Kenya",Riyadh Communication,Kisumu - Kakamega Road,0720 442 067nyanza,Sondu,",Kenya","Sondu, Kenya",Computer Services,Opposite Sondu Hadware,0728 270 999nyanza,Isebania,",Kenya","Isebania, Kenya",Bonga Shop,"Opposite KCB Bank, Along Kisii-Isebania Highway",0724 427 918nyanza,Isebania,",Kenya","Isebania, Kenya",Winners Favours Sirare,Next To Easycoach Offices,0728 812 268nyanza,Ugunja,",Kenya","Ugunja, Kenya",Froma Agrovet,"Along Ugunja - Ukwala Road, Opposite Pick and Pay Supermarket",0721 292 736nyanza,"Usenge,Siaya",",Kenya","Usenge,Siaya, Kenya",Mama Happy Shop,Usenge Main Stage,0711 184 503nyanza,Uyoma,",Kenya","Uyoma, Kenya",Manuar shop,At Luanda Kotieno Beach,0720 330 735nyanza,Yala,",Kenya","Yala, Kenya",Shechinah Yala,"Next to Yala Level 4 Hospital,Along Busia-Kisumu rd",0722 420 605rift valley,Nyahururu,",Kenya","Nyahururu, Kenya","M-KOPA,Mwarabu Technologies-Nyahururu.","Nyahururu Town, opposite Catholic church and Aga khan Hospital,Laikipia Confort hotel",0702 164 109rift valley,Kitale,",Kenya","Kitale, Kenya","M-KOPA, Kapkoi",Situated at Kapkoi Main Stage Mega D. Building Kapkoi Centre along Kitale-Kolongolo-Wndebess Road next to Ebenezer Collections,0702 164 138rift valley,Nakuru,",Kenya","Nakuru, Kenya","M-KOPA, Litein Samoget Enterprises","Litein shopping center along Kericho highway,Next to Point hotel.Opposite Koiwa stage.",0702 163 649rift valley,Eldoret,",Kenya","Eldoret, Kenya","M-KOPA,Burnt Forest London Fishion Centre","Burn forest,along Eldoret-Nakuru highway,at London Fashion Center Next to Tarakwa Inn Guest House",0724 021 500rift valley,Kipkaren,",Kenya","Kipkaren, Kenya","M-KOPA, Kipkaren Hudson Associates","Kipkaren Center, along Eldoret-Webuye road opposite Kipkaren stage",0710 919 886rift valley,Nakuru,",Kenya","Nakuru, Kenya","M-KOPA,Pentagon Communications",Located at Lolgorian town opposite legacy hotel.,0710 919 711rift valley,Eldoret,",Kenya","Eldoret, Kenya","M-KOPA ,Serem Shirlycom Company Ltd",Along Shamakhokho Kisumu road serem market,0710 918 620rift valley,Nakuru,",Kenya","Nakuru, Kenya","M-KOPA ,Maralal Mega Kinyozi & M-Pesa","Maralal,along hospital road on your way to equity bank.Its opposite Kuria Fashions Wear next to nyambene Franchised retail wines and spirits.",0708 086 590rift valley,Kitale,",Kenya","Kitale, Kenya","M-KOPA, Kiminini - Faben Enterprises",Along Kiminini Kitale Road at Kiminini Main Stage next to Natembeya Chemist and opposite Kananachi Super Market.,0710 918 802rift valley,Kitale,",Kenya","Kitale, Kenya","M-KOPA, Chebororwa Nestpark Capital M-Pesa",Chebororwa Center at Kap'ongoi Building,0710 919 274rift valley,Naivasha,",Kenya","Naivasha, Kenya","M-KOPA, Unimax Naivasha","Naivasha town,Kariuki Chotara Rd Gate way building next to Elementaita Chemist , along Naivas Ndogo supermarket.",0703 914 855rift valley,Eldoret,",Kenya","Eldoret, Kenya","M-KOPA, Eldoret Ziwa Segero Varieties",Ziwa Center opposite stage from Ziwa to Eldoret.,0710 918 784rift valley,Moi's bridge,",Kenya","Moi's bridge, Kenya","M-KOPA, Moi's Bridge-Phoneart",Moi's Bridge-Kitale Highway Next to OilLibya.,0708 086 593rift valley,Kericho,",Kenya","Kericho, Kenya","M-KOPA, Kericho - Pb lint enterprises bookshop",Tengalane Opposite Kenya Women.,0708 086 594rift valley,Nakuru,",Kenya","Nakuru, Kenya","M-KOPA, Katimok","Nakuru biashara centre, Mburu Gichua Road.",0708 086 587rift valley,Olenguruoni,",Kenya","Olenguruoni, Kenya","M-KOPA, Chep chep farmers centre",Olenguruone-Along Molo Olenguruone Road next to Olives petrol station Olenguruone stage,0708 086 598rift valley,Bomet,",Kenya","Bomet, Kenya","M-KOPA, Ramak enterprise",Kipchamba street next to ishika wholesalers opposite Co-op bank off Kaplong Narok Highway,0708 086 578rift valley,"Endebess, Kitale",",Kenya","Endebess, Kitale, Kenya","M-KOPA, Endebess","Opposite kenya Posta on Mazau Bora Plaza, Kencer Electrical",0708 086 532rift valley,Kachibora,",Kenya","Kachibora, Kenya","M-KOPA, Kachibora",Kachibora centre directly opposite Main stage to Kitale,0708 086 579rift valley,Iten,",Kenya","Iten, Kenya","M-KOPA, Iten mobile world limited.",Behind Oilibya Petrol Station,0708 086 615rift valley,Eldoret,",Kenya","Eldoret, Kenya","M-KOPA, Eldoret - M-Kopa Office",On 64 Arcade ground floor.,0708 086 589rift valley,Kapsowar,",Kenya","Kapsowar, Kenya","M-KOPA, Kapsowar - Emoigaa stores","Kapsowar town, at Coca Cola depot.",0708 086 572rift valley,Kabarnet,",Kenya","Kabarnet, Kenya","M-KOPA, Amani shop",Behind Tophill Petrolium opposite Garissa Hotel next to Trans National bank.,0708 086 588rift valley,Kapenguria,",Kenya","Kapenguria, Kenya","M-KOPA, Makutano",OilLibya next to Equity agent,0708 086 603rift valley,Kitale town,",Kenya","Kitale town, Kenya","M-KOPA, Kitale - Fargo (suam fancy)",Along Kenyatta street directly opposite K-rep Bank.,0708 086 584rift valley,Kapsabet,",Kenya","Kapsabet, Kenya","M-KOPA, Kapsabet - kentoo computers",Between Wells Fargo and G4S.,0708 086 620rift valley,Narok,",Kenya","Narok, Kenya","M-KOPA, Narok - Nalepo enterprises",Narok town opposite Naivas suppermarket on Mau Summit lodge building.-Kumi kumi stage.,0708 086 595rift valley,Amakuriat Alale,",Kenya","Amakuriat Alale, Kenya",Post Bank Ltd,"Kapenguria - Uganda Road, Next To DO's Offices",0722 300 200rift valley,Bartolimo,",Kenya","Bartolimo, Kenya",Lotwala Mpesa,Along Kabarnet- Kipsaram Road,0722 605 378rift valley,Big Tree Centre,",Kenya","Big Tree Centre, Kenya",Pearl Communication Big tree,"Along Kitale-Ndalu road,Opposite Big tree Primary,Next to Wema shop",0722 760 082rift valley,Biretwo,",Kenya","Biretwo, Kenya",Goyzpay Farm Inputs,Along Iten-Kabarnet Road (Equity Agent),0720 695 534rift valley,Biretwo,",Kenya","Biretwo, Kenya",Kapkomol Shop,Biretwo Shopping Centre At The Posho Mill,0721 663 663rift valley,Bomet,",Kenya","Bomet, Kenya",Centrium Communication/Extranet System - Bomet,Next To Stage Entrance,0725 302 678rift valley,Bomet,",Kenya","Bomet, Kenya",Centriumbomet,Next To Stage Entrance,0727 339 393rift valley,Bomet,",Kenya","Bomet, Kenya",Murenju General Stores,Bomet Town Opposite Sotin Autospares Next Tana Supermarket,0727 375 160rift valley,Bomet,",Kenya","Bomet, Kenya",Anoland Global Network Ltd,Koma Plaza Opposite Bomet KWFT Office,0722 139 220rift valley,Burnt Forest,",Kenya","Burnt Forest, Kenya",London Fashions,Opposite Main Stage,0722 235 163rift valley,Chebari,",Kenya","Chebari, Kenya",Milele Salon,Chebara Centre Along Iten - Kapsowar Road,0728 935 531rift valley,Chebareria,",Kenya","Chebareria, Kenya",Mama Watoto Chemist,"Along Kitale-Lodwar Road,Opposite Ninya Studio",0713 403 389rift valley,Chebunyo,",Kenya","Chebunyo, Kenya",Tumaini Traders Chebunyo,Next To The Transformer,0729 385 888rift valley,Chemaner,",Kenya","Chemaner, Kenya",Anoland Global Network,Off Longisa - Bomet Highway Turn Off At Longisa,0729 151 102rift valley,Chemiet,",Kenya","Chemiet, Kenya",Chemyet Shop,"Off furfaral Centre,At Chemiet centre,Along Eldoret-Ziwa road",0715 159 597rift valley,Chepareria,",Kenya","Chepareria, Kenya",Muruny Stores,"Along Lodwar-Kitale Highway,Chepareria Shopping Centre",0728 036 751rift valley,Chepsonoi,",Kenya","Chepsonoi, Kenya",News Wings Club,Near Safaricom Booster At Chepsonoi Shopping Centre,0722 229 053rift valley,Cheptais,",Kenya","Cheptais, Kenya",Yatmack Computer Services and Photocopy Centre,"Lwakhakha Road,Opposite cheptais post office",0726 762 333rift valley,Chetseon,",Kenya","Chetseon, Kenya",Bentoks Communication,"Chetseon Shopping Centre, Next Falcon General Shop Along Kericho-Nakuru Highway",0720 009 696rift valley,Chwele,",Kenya","Chwele, Kenya",Pama Electrical and Electronics,"Bungoma-Kitale-Lwakhakha Junction,Opposite Winners Chapel International",0723 346 980rift valley,Eldama Ravine,",Kenya","Eldama Ravine, Kenya",G & M Merchants,Near Timboroa Police Station,0714 319 798rift valley,Eldama Ravine,",Kenya","Eldama Ravine, Kenya",Badic K Ltd,"Along Torongo Road, Opposite Olpat Supermarket",0721 420 595rift valley,Eldama Ravine,",Kenya","Eldama Ravine, Kenya",Kahoya General Shop,"Along Nakuru - Eldoret Highway, Khaoya Shopping Centre",0712 080 214rift valley,Eldoret,",Kenya","Eldoret, Kenya",Tajan Investment,"Senior Road, At Road Block On Eldoret Pipeline Road",0729 669 633rift valley,Eldoret,",Kenya","Eldoret, Kenya",Phoenix Traders Brigadier,"Brigadier shopping center,Off Eldoret Kitale rd off Matunda Junction,Along Misikhu rd,After St Paul Narati Sec Sch",0723 306 529rift valley,Eldoret,",Kenya","Eldoret, Kenya",Happy Go,Near Easy Coach Booking Office,0770 652 664rift valley,Eldoret,",Kenya","Eldoret, Kenya",Longonot Shop,Along Kipkorgot - Kiptagat Road,0723 177 352rift valley,Eldoret,",Kenya","Eldoret, Kenya",Trilet Communication,Near Saito Centre Opposite Eldo Supermarket Eldoret,0721 454 153rift valley,Eldoret,",Kenya","Eldoret, Kenya",Safaricom Retail Centre,Along Oginga Odinga Road,0707 823 378rift valley,Eldoret,",Kenya","Eldoret, Kenya",Chemal Investments,Next To Chemalal Primary School,0720 532 729rift valley,Eldoret,",Kenya","Eldoret, Kenya",Phone-Art Solutions,64 Arcade Opposite Oloo Street,0723 844 111rift valley,Eldoret,",Kenya","Eldoret, Kenya",George Com Enterprises,"Bargetuny Plaza, Opposite Zion Mall",0722 959 973rift valley,Eldoret,",Kenya","Eldoret, Kenya",Chrisswill Agencies Maili Nne,Maili Nne Centre,0722 791 417rift valley,Eldoret,",Kenya","Eldoret, Kenya",Maisha Masilahi Communications,Mobile Shop(moves around in a vehicle),0728 222 293rift valley,Gilgil,",Kenya","Gilgil, Kenya",Makicom Gilgil,"Along Cross road,Opposite Nyahururu junction Total petrol station",0722 394 870rift valley,Hilltee,",Kenya","Hilltee, Kenya",Kawa Shop,"Along Nakuru-Eldoret Highway, Hilltee Shopping Centre",0711 395 188rift valley,Himaki,",Kenya","Himaki, Kenya",Tuiyobei General Supermarket,Along Kapasabet - Lessos Junction before Nandi Hills Near Baraka Shop,0712 075 496rift valley,Iten,",Kenya","Iten, Kenya",Kobcom Petroleum,"Oil Libya Petrol Station, Iten",0722 591 623rift valley,Jua Kali,",Kenya","Jua Kali, Kenya",Happy Go,Shopping Center,0770 652 677rift valley,Kabarnet,",Kenya","Kabarnet, Kenya",High Tech Shop,Opposite Equity Bank,0706 077 220rift valley,Kabarnet,",Kenya","Kabarnet, Kenya",Unit Source enterprise,Kabanet Shopping Near Tobil Petrol Station.,0722 244 410rift valley,Kabarnet,",Kenya","Kabarnet, Kenya",K.M. Mobilecare,Opposite Garissa Hotel,0722 255 520rift valley,Kabarnet,",Kenya","Kabarnet, Kenya",Dynamic Solutions,KCB Building,0724 364 818rift valley,Kablamai,",Kenya","Kablamai, Kenya",Grandrabannah Enterprise,"Kablamai Center,Opposite chief's office",0722 909 070rift valley,Kachibora,",Kenya","Kachibora, Kenya",Smart Auto Spares Kachibora,"Along Eldoret-Kitale highway, Kachibora Market Opposite Trans Nzoia Teachers Sacco",0715 528 193rift valley,Kaimosi,",Kenya","Kaimosi, Kenya",Sonic Electronics,Cheptulu centre along the market,0726 146 103rift valley,Kainuk,",Kenya","Kainuk, Kenya",Prince Of Peace Hotel,"Along Kapenguria - Lodwar Road,Opposite Imara Fair Price",0716 595 111rift valley,Kakuma,",Kenya","Kakuma, Kenya",Mount Pelekech Hardware,Lodwar - Lokichogio Highway,0725 126 612rift valley,Kalemngorok,",Kenya","Kalemngorok, Kenya",Neddys Cooperation,"Along Kitale - Lodwar Road, Opposite Travels Classic Hotel",0728 407 366rift valley,Kamukuywa,",Kenya","Kamukuywa, Kenya",Spectra Fashions,Junction Kimilili -Webuye Road Near Wapi 2 Petrol Station,0711 205 775rift valley,Kampi ya Samaki,",Kenya","Kampi ya Samaki, Kenya",Ngeyin Shop,"Opposite Kasidoi Shop, Kampi ya Samaki Centre",0715 885 934rift valley,Kapenguria,",Kenya","Kapenguria, Kenya",Galilaya Wholesalers(Fashion Shop),"Along Kitale - Lodwar Road, Next to Sunshine General Shop",0728 562 435rift valley,Kapenguria,",Kenya","Kapenguria, Kenya",Height Communication Kapenguria,Kilimanjaro Building,0713 849 559rift valley,Kapenguria,",Kenya","Kapenguria, Kenya",Wangila Prof. Tailors,"Makutano Shopping Centre, KCB Street Next To Lokita Plaza",0721 118 337rift valley,"Kapenguria,",",Kenya","Kapenguria,, Kenya",Baraka Shoe Distributors,"Along Lotodo Street, Opposite Lelan Supermarket",0727 916 114rift valley,Kapenguria,",Kenya","Kapenguria, Kenya",Pride Rock Developers M-Pesa,"Along Kitale - Lodwar Highway, Ortum Shopping Centre",0726 427 605rift valley,Kapenguria,",Kenya","Kapenguria, Kenya",Frankom Integrated West Pokot,"Makutano Shopping Centre, Next To KCB Bank",0723 923 670rift valley,Kapenguria,",Kenya","Kapenguria, Kenya",Joyland Phone & Accessories,"Makutano Shopping Centre, Opposite Rafiki Hotel",0729 069 196rift valley,Kapenguria,",Kenya","Kapenguria, Kenya",Toror Pharmacy,"Along Makutano-Kacheliba Road,Next to G4S Office",0725 684 401rift valley,Kapkwen,",Kenya","Kapkwen, Kenya",Anoland Global Network Kapkwen,Kapkwen Centre Next To Kericho/Kaplong Stage,0711 580 314rift valley,Kapcherop,",Kenya","Kapcherop, Kenya",Salgaa Agrovet,Along Kachibora - Kapcherop Road,0727 700 293rift valley,Kapcherop,",Kenya","Kapcherop, Kenya",Washindi M-PESA,At Kapcherop Shopping Centre,0721 102 109rift valley,Kapchorwa,",Kenya","Kapchorwa, Kenya",Caroline Boutique,Kapchorwa Trading Center,0710 889 119rift valley,Kapsabet,",Kenya","Kapsabet, Kenya",Happy Go,Main Stage,0770 652 650rift valley,Kapsabet,",Kenya","Kapsabet, Kenya",Corner Shop Kapsabet,Oppossite Naivas Supermarket,0720 905 584rift valley,Kapsabet,",Kenya","Kapsabet, Kenya",Kentoo Computers,Near Family Bank,0725 232 886rift valley,Kapsara,",Kenya","Kapsara, Kenya",Midland M-Pesa Kapsara,"Commercial Bank Agent, Kapsara Shopping center",0722 761 349rift valley,Kapsokwony,",Kenya","Kapsokwony, Kenya",Shalom Communication Centre,At The Stage Opposite Posta,0700 049 550rift valley,Kaplong,",Kenya","Kaplong, Kenya",Betmak Electricals,"Along Kericho - Sotik/Kisii Highway, Kaplong Shopping Centre",0724 641 040rift valley,Kapkatet,",Kenya","Kapkatet, Kenya",Chamtany Dealers Kapkatet,"Kapkatet Town Along Kericho Sotik Highway, Next to Sotik Stage",0717 509 775rift valley,Kaptumo,",Kenya","Kaptumo, Kenya",Kapkolei Cool Collection,Kaptumo Market Near Kaptumo Post Office,0726 266 060rift valley,Kericho,",Kenya","Kericho, Kenya",WiseCost Electrical,Along Uhuru Road Opposite Uhuru Garden,0722 598 993rift valley,Kericho,",Kenya","Kericho, Kenya",Safaricom Retail Centre,"CC Bus, Moi Gardens, Opposite KCB Bank",0727 163 072rift valley,Kericho,",Kenya","Kericho, Kenya",Copymax Olive,"Directly Opposite Police Station, Next To Shell Petrol Station",0721 354 294rift valley,Kericho,",Kenya","Kericho, Kenya",Max Shop. Duka Moja -Kericho,"Along kericho-Brook Highway,Duka moja,Next to Posho mill",0715 982 521rift valley,Kericho,",Kenya","Kericho, Kenya",Genesis Communication,"Tendecha lane, Opposite Shell Petrol Station/GK Prison Amalo Building",0700 919 601rift valley,Kericho,",Kenya","Kericho, Kenya",Embassy Enterprise Electrical Limited,Kenyatta Road,0722 794 351rift valley,Kesses,",Kenya","Kesses, Kenya",Diplomatic Shop,Kesses Bus Stage,0720 545 260rift valley,Kibingor,",Kenya","Kibingor, Kenya",Baigaa Hotel,"Kibingor Center, Along Kabarnet Marigat Road",0729 281 993rift valley,Kilgoris,",Kenya","Kilgoris, Kenya",Kilsnet Communication,Next To Jifa Oli Petrol Station,0722 669 574rift valley,Kimilili,",Kenya","Kimilili, Kenya",Betiit Boutique & Electricals,"Kaptama Shopping Centre, Opposite Ngeyo Butaki Memorial Building",0705 324 707rift valley,Kimilili,",Kenya","Kimilili, Kenya",Weko General Shop,"Along Kimilili-Bokoli bungoma road,Opposite Club Etonya",0725 129 033rift valley,Kimilili,",Kenya","Kimilili, Kenya",Kimilili Electricals,Along Kimilili Bungoma Road Opposite Savannah Enterprises,0726 996 503rift valley,Kimilili,",Kenya","Kimilili, Kenya",Mar-ki Petroleum,Opposite Kimilili Police Station,0722 179 274rift valley,Kiminini,",Kenya","Kiminini, Kenya",Global Tec Connections Ltd Kiminini,Along Kitale - Webuye Road County Council Building,0723 802 812rift valley,Kiminini,",Kenya","Kiminini, Kenya",Zeding Enterprises M-Pesa,"Along Kiminini - Ndalu Road,Opposite Kiminini Primary School",0705 424 975rift valley,Kimose,",Kenya","Kimose, Kenya",Fundi Shop,Along Nakuru - Marigat Highway,0726 995 498rift valley,Kipkaren,",Kenya","Kipkaren, Kenya",Keiyo Coop,At Sirgoin Building,0726 829 011rift valley,Kipsaraman,",Kenya","Kipsaraman, Kenya",Cherungu Shop,Kipsaraman Center,0720 000 018rift valley,Kipsaina,",Kenya","Kipsaina, Kenya",Mwalimu Shop,Kipsaina Centre Off Kitale-Kapenguria Highway Next to Manager P. M-PESA Services,0729 872 929rift valley,Kipsigak,",Kenya","Kipsigak, Kenya",Chrisswill Agencies Kipsigak,Kipsigak Shopping Centre Along Nandi Hills-Kapsabet Road,0714 512 611rift valley,Kiptagich,",Kenya","Kiptagich, Kenya",Mondoywet Investment,Near Malimali Shop,0717 509 517rift valley,"Kipkeikei,Kitale",",Kenya","Kipkeikei,Kitale, Kenya",Andrew Koech{Fuel Shop},"Off Kitale - Cherangany-Eldoret Road,Kipkeikei Centre opposite Kipkeikei Primary School",0724 109 959rift valley,Kitale,",Kenya","Kitale, Kenya",Branded Communication Agency,Along Laini Moja Road After Total Petrol Station,0710 102 424rift valley,Kitale,",Kenya","Kitale, Kenya",Peter Barasa Shop,"Lukhuna Market,Opposite St Augustine Lukhuna Girls Secondary School",0727 068 280rift valley,Kitale,",Kenya","Kitale, Kenya",Simcom Accessories Kitale,"Along Railway Kenya Seed Road,Next to MRF Tyres",0720 131 606rift valley,Kitale,",Kenya","Kitale, Kenya",Metro Electronics,Nyayo Market next to Khetia Supermarket stall no 19,0722 660 286rift valley,Kitale,",Kenya","Kitale, Kenya",Moreah Zintech Communication Centre,"Kaptalamwa Shopping Centre, along Kitale - Kapyego Road.,Next to J.R.M General Hardshop and Hotel",0728 750 677rift valley,Kitale,",Kenya","Kitale, Kenya",Beeps and Rings Mobile,"Laini Moja Street,Opposite Retail Market",0727 700 277rift valley,Kitale,",Kenya","Kitale, Kenya",Weiwei Mpesa,"Along Lodwar-Kitale Highway,Chepareria Shopping Centre",0727 966 475rift valley,Kitale,",Kenya","Kitale, Kenya",Davine Lemureng M-pesa,"Makutano Shopping Centre, Opposite Rafiki Hotel",0711 511 999rift valley,Kitale,",Kenya","Kitale, Kenya",Pajen General Shop,Mumias Highway Opposite Kipetro Limited,0722 768 304rift valley,Kitale,",Kenya","Kitale, Kenya",Fransally Retail Shop,Laini Moja Bus Stage,0724 100 278rift valley,Kitale,",Kenya","Kitale, Kenya",Shamba Agro-Inputs Shop,"Penueli House,Maili Saba,Kitale,Along Eldoret Kitale Road",0722 804 150rift valley,Kitale,",Kenya","Kitale, Kenya",Kipchorian Stores Maili Saba,Maili Saba Off Kitale - Kapenguria Road Opposite Kipsogon AIC Church,0726 965 837rift valley,Kitale,",Kenya","Kitale, Kenya",Kipchorian Stores Maili Saba,Maili Saba Off Kitale - Kapenguria Road Opposite Kipsogon AIC Church,0726 965 837rift valley,Kitale,",Kenya","Kitale, Kenya",Safaricom Retail Centre,Opposite Transmatt Supermarket,0729 675 763rift valley,Kobere,",Kenya","Kobere, Kenya",Stage View Hotel,6 kilometers From Chemelil Factory,0710 524 512rift valley,Koriema,",Kenya","Koriema, Kenya",Kondit Mpesa,"Along Kabarnet -Marigat Road, Kondit Building Near KCB",0724 399 155rift valley,Lessos,",Kenya","Lessos, Kenya",Damatek Lessos,Lessos Centre,0721 309 525rift valley,Litein,",Kenya","Litein, Kenya",Kass Fm - Litein,Next to Kopsito Building,0725 696 229rift valley,Lugulu,",Kenya","Lugulu, Kenya",Lugulu Hospital Canteen,Lugulu Hospital,0722 736 773rift valley,Lumut,",Kenya","Lumut, Kenya",Kazeto Kinyozi Lomut,"Along Kitale - Nakuru Road Opposite Rachan Stores, Next To Lomut posho Mill",0728 171 184rift valley,Lumakanda,",Kenya","Lumakanda, Kenya",Metro Shop,Lumakanda Shopping Center Opposite Ebeneza Suppermarket,0712 891 741rift valley,Lodwar,",Kenya","Lodwar, Kenya",Mama Purity Shop,"Kanamkemer Junction,Oxfarm Road,Blacky Building",0703 760 733rift valley,Lodwar,",Kenya","Lodwar, Kenya",Timina Bahati Bookshop,"Along California Street,Opposite Hassan Residential Buildings",0726 295 453rift valley,Lodwar,",Kenya","Lodwar, Kenya",Kilimanjaro Supermarket,Lodwar Town,0716 062 646rift valley,Lodwar,",Kenya","Lodwar, Kenya",Green Angel Shop,"Along Cathedral Street, Opposite Mt.Kenya Universty Lodwar Centre",0713 073 912rift valley,Lodwar,",Kenya","Lodwar, Kenya",Base 3 Wine & Spirits,"Along Turkwel Street, Next To Hossana Radio Offices",0700 472 060rift valley,Lodwar,",Kenya","Lodwar, Kenya",Davy Tailoring Centre,"Lokichar town, Along lodwar Highway Near Emirates Stadium Video",0725 076 677rift valley,Lodwar,",Kenya","Lodwar, Kenya",Leo Traders,"Along Lorugum Road, Next To Dial up Safaricom Dealer",0722 376 243rift valley,Lodwar,",Kenya","Lodwar, Kenya",Philadelphia Shop,"Along Salama Street, Next to Lomo Bookshop",0727 703 100rift valley,Lolgoria,",Kenya","Lolgoria, Kenya",Abu Dhabi General Stores,"Lolgoria Center,Next to Post Office",0724 777 045rift valley,Lokichar,",Kenya","Lokichar, Kenya",Downtown Hardware,"Iriir Street, Near Iriir Water Pump",0725 831 334rift valley,Lokori,",Kenya","Lokori, Kenya",Ewala Enterprices,Along Lokichar Kapedo Road,0711 337 976rift valley,Longisa,",Kenya","Longisa, Kenya",Santo Solution Longisa,Along Chemaner Route Next To Berur Agrovet.,0722 556 413rift valley,Lwandeti,",Kenya","Lwandeti, Kenya",Pamoja Supermarket,Lwandeti Centre (Supermarket),0723 107 148rift valley,Maili Saba,",Kenya","Maili Saba, Kenya",Malibu Collections / M-Pesa,Maili Nane Sibanga Market Kitale off Kitale - Kachibora Road Opposite Kitale Bus Stage,0728 722 246rift valley,Maili Saba,",Kenya","Maili Saba, Kenya",Cherangany Stores Maili Saba,Maili Saba Kitale along Kitale - Kapenguria - Lodwar Road,0711 109 279rift valley,Maile Tisa,",Kenya","Maile Tisa, Kenya",Jimmies Enterprises,"Maili Tisa Shopping Centre,Nairobi - Namanga Road, Behind Alamin cafe'",0722 824 866rift valley,Makutano,",Kenya","Makutano, Kenya",Rotsdam Electrical & M-Pesa Services,Along Kitale - Lodwar Road next Kazeto Resort Main Entrance,0714 550 814rift valley,Makutano,",Kenya","Makutano, Kenya",The Gilly Carol M-Pesa Phone and Accessories,"Along Makutano-Kacheliba Road,Opposite Sokka House",0723 784 467rift valley,Makunga,",Kenya","Makunga, Kenya",Mali Mali shop,Makunga Shopping Centre Along Kitale - Webuye Road,0713 533 463rift valley,Maliki,",Kenya","Maliki, Kenya",Hase Ltd,Hase Building,0725 091 515rift valley,"Marakwet, Kibugos",",Kenya","Marakwet, Kibugos, Kenya",Washindi M-Pesa Limited,"Kibugos Market, Marakwet West, Along Kapcherop - Cheptonge Road",0723 135 986rift valley,"Maregut, Barwessa",",Kenya","Maregut, Barwessa, Kenya",Nessman Ent,Along Nginyang Road,0722 406 162rift valley,Marigat,",Kenya","Marigat, Kenya",Aljazeera Electronics,Next To Kenya Power Lighting Company (KPLC) Marigat Offices,0722 140 169rift valley,Marigat,",Kenya","Marigat, Kenya",Tumaini Shop,"Along Marigat Highway, Opposite Chemangat Airtel",0726 174 979rift valley,Matunda,",Kenya","Matunda, Kenya",Danwatts Electrical,Opposite Matunda Main Stage,0725 411 840rift valley,Mau Narok,",Kenya","Mau Narok, Kenya",Upendo General Shop,Mwisho wa Lami Mau Narok,0720 827 684rift valley,Mau Narok,",Kenya","Mau Narok, Kenya",Fast Dial Connection,Near Farmers Hotel Opposite Kirinyaga Agrovet,0724 560 205rift valley,Merewet,",Kenya","Merewet, Kenya",Corner Shop,Opposite Ziwa Market,0725 213 011rift valley,Misikhu,",Kenya","Misikhu, Kenya",Bukusu Shop,Misikhu Market Opposite Total Petrol Station,0728 102 281rift valley,Mogotio,",Kenya","Mogotio, Kenya",Obrai Communications,"Mogotio Shopping Centre, Along Nakuru-Marigat Road",0727 715 446rift valley,Molo,",Kenya","Molo, Kenya",Comlinks Shop,"Along Molo - Olengruone Road, Saptet Shopping Centre",0720 242 830rift valley,Molol,",Kenya","Molol, Kenya",Salgaa Kiosk,"Molol Center, After Flospar Branch At Nyaru Junction, Off Eldoret - Nyaru Road",0721 883 565rift valley,Mukuyuni,",Kenya","Mukuyuni, Kenya",Bidii Stores Mukuyuni,"Mount Sinai House,Opposite Mukuyuni Primary School",0712 673 222rift valley,Mulango,",Kenya","Mulango, Kenya",Eldonyo Hardware,"Along Eldoret - Kisumu Road, Past Eldoret Airport",0720 559 642rift valley,Mulot,",Kenya","Mulot, Kenya",Monya Com Ltd,Opposite Bomet Stage,0729 151 102rift valley,Mulot,",Kenya","Mulot, Kenya",Cis-Mara Booksellers Mulot,"Next To Kipsigis Teachers Sacco, At Bomet Stage",0723 441 834rift valley,Naitiri,",Kenya","Naitiri, Kenya",Manaal Ventures,Naitiri Market,0714 186 048rift valley,Naivasha,",Kenya","Naivasha, Kenya",Elsam Electronics,"Kariuki Chotara Road, Opposite Kaka Building",0723 449 601rift valley,Naivasha,",Kenya","Naivasha, Kenya",Fadhili General Shop,"Karagita Market, Moi South Lake Road",0725 739 399rift valley,Naivasha,",Kenya","Naivasha, Kenya",Safaricom Retail Centre,"At Biashara Plaza, Safaricom Retail Shop",0712 607 025rift valley,Nakuru,",Kenya","Nakuru, Kenya",Botto Solar Highway,"Section 58,Near Rivanas Petrol station",0722 602 561rift valley,Nakuru,",Kenya","Nakuru, Kenya",Botto Solar Nakuru,Uchumi Business Centre,0723 769 580rift valley,Nakuru,",Kenya","Nakuru, Kenya",Kinamba Evans Enterprises,"West Road off Kenyatta Avenue, Kinamba Plaza opposite Valley Hospital",0722 722 378rift valley,Nakuru,",Kenya","Nakuru, Kenya",Diparis General Shop,"Solai, Kamukunji",0723 735 664rift valley,Nakuru,",Kenya","Nakuru, Kenya",Esa Cycle Repair and Spare,"Esageri Centre, Eldamaravine Road",0723 221 153rift valley,Nakuru,",Kenya","Nakuru, Kenya",Copy Max,"Along Geoffery Kamau Road,Opposite Public Works.",0720 367 478rift valley,Nakuru,",Kenya","Nakuru, Kenya",Telestar Enterprises Ltd,"Moi Road Barmuda Building, Opposite CID Offices",0721 871 504rift valley,Nakuru,",Kenya","Nakuru, Kenya",Moricho Enterprises,"Nakuru - Eldama Ravine Road, Kampi ya Moto Shopping Centre",0722 575 154rift valley,Nakuru,",Kenya","Nakuru, Kenya",Safaricom Retail Centre,At Ereto Plaza Next To Biashara Centre,0725 606 488rift valley,Nakuru,",Kenya","Nakuru, Kenya",Telesonic Limited Electronic,Along Gusii Lane - Care Guest House,0713 224 175rift valley,Nakuru,",Kenya","Nakuru, Kenya",Height Communication,Near Mburugichua Total Petrol Station,0720 560 191rift valley,"Nakuru, Londiani",",Kenya","Nakuru, Londiani, Kenya",Prime Phone Enterprise,"At Londiani Shopping Centre, Next To KCB Opposite Elgon View College",0720 105 326rift valley,Nandi Hills,",Kenya","Nandi Hills, Kenya",Kenhill Phonecare and Electronics,Mugundoi Shopping Centre,0725 555 050rift valley,Nandi Hills,",Kenya","Nandi Hills, Kenya",Modalic Communication,"Along County Council Road, At Shelangat Road",0721 815 846rift valley,Nandi Hills,",Kenya","Nandi Hills, Kenya",Sach Asis,Opposite Delta Supermarket,0722 491 738rift valley,Nangili,",Kenya","Nangili, Kenya",Mobile Village,Opposite Sangálo Plaza,0722 911 996rift valley,Nanyuki,",Kenya","Nanyuki, Kenya",Safaricom Retail Centre,Next to Nakumatt Supermarket,0720 170 115rift valley,Nanyuki,",Kenya","Nanyuki, Kenya",Kamwa Hardware,"Near Dondo Stage,At New Market",0721 296 428rift valley,Narok,",Kenya","Narok, Kenya",Narresho Uniforms -Narok,"Olepolos Street Olmaji Building, Opposite Narok Jambo Studio",0721 468 660rift valley,Narok,",Kenya","Narok, Kenya",Yamaha General Shop,"Opposite Olkaria Grounds,Near Nomadic Hotel",0725 074 162rift valley,Narok,",Kenya","Narok, Kenya",Orpopongi Mpesa- Narok,"Opposite Barclays Bank, Next To Mwalimu Plaza Building",0729 165 422rift valley,Narok,",Kenya","Narok, Kenya",Botto Solar Ltd,"Suswa Commercial Center Building, Behind Mwalimu Plaza",0722 305 270rift valley,Narok,",Kenya","Narok, Kenya",Centrium Narok,"Oloomiran Stage,Off Central Mulot - Sunset Highway",0725 302 678rift valley,Narok,",Kenya","Narok, Kenya",Anoland Global Network,"Along Nyawira Road, Near ST. Peters Academy.",0714 300 343rift valley,Narok,",Kenya","Narok, Kenya",Safaricom Retail Centre,"Along Kisii - Nairobi Road, Next to Cooperative Bank",0710 751 689rift valley,Narumoru,",Kenya","Narumoru, Kenya",Power Network,"Opposite Joruna Building, Narumoru Shopping Centre",0724 837 787rift valley,Ndalu,",Kenya","Ndalu, Kenya",Nuru BookShop,At Ndalu Market,0712 896 410rift valley,Ndalu,",Kenya","Ndalu, Kenya",Bidii Stores,"Ndalu Shopping Centre, along Kitale - Ndalu - Kiminini Road Opposite Flamingo Modern Hardware",0722 224 890rift valley,"Noiwet, Mogotio",",Kenya","Noiwet, Mogotio, Kenya",Temswo Shop,Noiwet Shopping Centre,0722 378 019rift valley,Nyahururu,",Kenya","Nyahururu, Kenya",Seed General Shop,"Maili Nne Centre, Along Nyahururu - Maili Nne Road",0722 934 058rift valley,Nyaru,",Kenya","Nyaru, Kenya",Chrisswill Agencies Nyaru,Nyaru Main Bus Stage,0722 791 417rift valley,Olenguruone,",Kenya","Olenguruone, Kenya",Comlinks Shop,At Dasline Building,0723 100 520rift valley,Olenguruone,",Kenya","Olenguruone, Kenya",Baraka Shop Olenguruone,Next to the Cocacola Depot,0720 369 349rift valley,Oloikirikirai,",Kenya","Oloikirikirai, Kenya",Jays Call Mpesa,"Along Nakuru-Narok road,Next to the Catholic Church",0721 761 247rift valley,Oloomiran,",Kenya","Oloomiran, Kenya",Centrium Communication Ltd,At the Stage Off Central Mulot - Sunset Highway,0725 302 678rift valley,Serem,",Kenya","Serem, Kenya",Cabrim Ent Ltd,"Serem Center,Next to Tel avîv bar",0722 154 228rift valley,Sigor,",Kenya","Sigor, Kenya",Chomosir Auto Spares,Along Kitale - Sigor Road,0717 006 845rift valley,Sikhendu,",Kenya","Sikhendu, Kenya",Ahsande Stores,Next to Post Bank Kitale - Webuye Road,0724 277 685rift valley,Sinoko,",Kenya","Sinoko, Kenya",Roho Safi General stores,"Near St. Paul High School,200km to his shop,Next to Hutu Bora Posho Mill",0700 445 130rift valley,Sironoi,",Kenya","Sironoi, Kenya",Sironoi General Shop,"Along Kabiyet Road, Sironoi Shopping Centre",0727 498 605rift valley,Sosiot,",Kenya","Sosiot, Kenya",Extranet Systems Sosiot,Opposite Kericho Stage,0715 328 834rift valley,Subukia,",Kenya","Subukia, Kenya",Height Communication Ltd-Subukia,Opposite Main Stage Near Petrol Station,0711 473 524rift valley,Subukia,",Kenya","Subukia, Kenya",Mwika Garmet- Subukia,"Sokoni Road, Opposite Subukia Primary School",0723 386 411rift valley,Sunset Mulot,",Kenya","Sunset Mulot, Kenya",Anoland Global Networks Ltd Bomet,"Jamii Dogo Building,Opposite Main Stage",0715 781 920rift valley,Sotik,",Kenya","Sotik, Kenya",Mobitec Communication Ltd Sotik,Kongasis Building,0721 938 100rift valley,Sotik,",Kenya","Sotik, Kenya",Jozelene Electricals Supplies,Opposite Kenya Credit Traders Limited,0720 875 778rift valley,"Tambach, Iten",",Kenya","Tambach, Iten, Kenya",Kipkaa Retail Shop,Tambach Centre Next To Equity Building,0701 301 625rift valley,Tugen Estate,",Kenya","Tugen Estate, Kenya",Salsa Communications,Along Iten - Moiben Road,0721 912 351rift valley,Turbo,",Kenya","Turbo, Kenya",Neighbours Ltd,"Along Eldoret - Webuye Road, Opposite Kogo Plaza",0722 998 498rift valley,Turbo,",Kenya","Turbo, Kenya",Okoa Motorbike,Near National Petrol Station,0728 599 051rift valley,Webuye,",Kenya","Webuye, Kenya",Muchai Sango,Sango Junction To Webuye,0724 091 777rift valley,West Pokot,",Kenya","West Pokot, Kenya",Branded Communication Agency Ltd West Pokot,"Makutano Market West Pokot,next to Food Bank Hotel",0726 783 671rift valley,Ziwa,",Kenya","Ziwa, Kenya",Mosco Enterprises,Ziwa Sirikwa Shopping Centre,0720 643 816western,Bungoma,",Kenya","Bungoma, Kenya","M-KOPA, Cheptais Shalom General Shop","Chaptais Market, Chwele-Lwakhakha-Chepkube-Kapkoto Junction",0724 021 909western,Kakamega,",Kenya","Kakamega, Kenya","M-KOPA,Kakamega- Mara Super Market","Mara Super-Market, opposite total petrol station, along Kakamega - Kisumu Rd. In Majengo Town.",0724 021 929western,Kakamega,",Kenya","Kakamega, Kenya","M-KOPA,Kamukuywa Wefwe Chemist",Kamukuywa market center,0710 918 801western,Butere,",Kenya","Butere, Kenya","M-KOPA,Butere Brital Shine Investments Ltd",Butere town along Manyulia Road,0710 919 285western,Chwele,",Kenya","Chwele, Kenya","M-KOPA, Chwele - New fancy store",Fancy Supermarket market next to the Matatu stage-Chwele Main Market,0708 086 586western,Webuye,",Kenya","Webuye, Kenya","M-KOPA, Kenya farmers association (Webuye)","Webuye town, Near Kenya women Bank",0708 086 581western,Kakamega,",Kenya","Kakamega, Kenya","M-KOPA, Simnet communication","Opposite Muliro garden, next to Ambwere blue building or opposite Somken petrol station",0708 086 575western,Busia,",Kenya","Busia, Kenya","M-KOPA, Busia - Nilla communications","Adjacent to Co-op bank, Along Busia-Kisumu Highway",0708 086 606western,Bungoma,",Kenya","Bungoma, Kenya","M-KOPA, Bungoma - bungoma chemist",Directly opposite post bank,0706 288 540western,Bumala,",Kenya","Bumala, Kenya","M-KOPA, Tai communication Ltd",Bumala Town Along Kisumu-Busia Highway.,0708 086 533western,Mumias,",Kenya","Mumias, Kenya","M-KOPA, Mumias- Mama watoto S/Mkt",Opp Main stage next to Easy coach on Mama Watoto supermarket.,0708 086 602western,Adungosi,",Kenya","Adungosi, Kenya",Atomix Shop,"Along Malaba busia Highway, Directly Opposite Alupe Hospital next to Chakoli School",0722 430 412western,Bungoma,",Kenya","Bungoma, Kenya",Weyeta Clinic,Chwele Market Near the Post Office,0723 505 578western,Bungoma,",Kenya","Bungoma, Kenya",Safaricom Retail Centre,Along Moi Avenue Street Next Diamond Trust Bank,0724 360 294western,Bungoma,",Kenya","Bungoma, Kenya",Bungoma Chemist,"Bungoma Town, Opposite National bank",0722 530 470western,Bungoma,",Kenya","Bungoma, Kenya",Everbest Retail Shop,"Mama Fanta Street, Near Tete Bar",0716 033 627western,Bungoma,",Kenya","Bungoma, Kenya",Jueva Shop,At Bus Park Stage Opposite Keringet Hotel,0724 941 889western,Butula,",Kenya","Butula, Kenya",Tazer Shop,"Along Busia-Bumala road,At the junction to Butula Mission Hospital",0726 074 822western,Busia,",Kenya","Busia, Kenya",Jaspa Chemist,Next To John Studio,0722 384 114western,Busia,",Kenya","Busia, Kenya",Lightening Bolt Ltd-Budalangi,"Mau Mau,Main Stage,Near Cocacola container",0722 318 603western,Busia,",Kenya","Busia, Kenya",Tesia Supermarkets,"Customs Road,Tesia Building",0725 126 612western,Chemelil,",Kenya","Chemelil, Kenya",Axiom Shop,"Chemelil Roundabout Centre, Opposite Supermarket Connection",0725 323 495western,Chemelil,",Kenya","Chemelil, Kenya",Fidel Shop,"Chemelil Market,Near The Entrance",0723 096 694western,Ilingu,",Kenya","Ilingu, Kenya",Nadejoy Enterprise,"Next To Pentagon, Along Chevakali - Kisumu Road",0722 145 520western,Kakamega,",Kenya","Kakamega, Kenya",Safaricom Retail Centre,Along Conan Awori Street Next Equitorial Commecial Bank,0721 575 327western,Kakamega,",Kenya","Kakamega, Kenya",Muluhya Traders,"Bushiri Shopping Centre,Near Bushiri Health Centre",0720 846 101western,Kakamega,",Kenya","Kakamega, Kenya",Platoon Mobile Center,Next to Total Petrol Station,0728 488 444western,Kakamega,",Kenya","Kakamega, Kenya",Aquaice Vision,"Noor Plaza 2nd Floor, Opposite Somken Petrol Station",0722 886 681western,Kakamega,",Kenya","Kakamega, Kenya",Jossy Traders,"Navakholo Centre,Near Stage",0721 677 039western,Kakamega,",Kenya","Kakamega, Kenya",Lilian Kageha shop - Kakamega,Opposite Old Mama Watoto Supermarket,0722 514 631western,Kakamega,",Kenya","Kakamega, Kenya",Nayan Ltd,Along Kenyatta Avenue,0720 600 521western,Kakamega,",Kenya","Kakamega, Kenya",Lucheho Shop,"Kambi ya Mwanza Shopping Centre, Near The Post Office",0722 569 193western,Khwisero,",Kenya","Khwisero, Kenya",Maco Gen Shop,Opposite Khwisero Post Office,0723 334 197western,Khwisero,",Kenya","Khwisero, Kenya",Homeways Enterprises,Next to Sofia Bar,0720 381 587western,"Lugari, Panpaper",",Kenya","Lugari, Panpaper, Kenya",Kwetu General Store,Pan Paper Shopping Centre (Equity Agent),0722 278 714western,Malaba,",Kenya","Malaba, Kenya",Tesia Supermarkets,Next to Tjjo Oil Libya,0706 361 186western,Malaba,",Kenya","Malaba, Kenya",Reda Bookshop,Angurai Market,0724 396 179western,Malaba,",Kenya","Malaba, Kenya",Magharibi Beauty Shop,"Near Magharibi Petrol Stations, Next To Co-perative Bank, Uganda Road",0728 776 944western,Malaba,",Kenya","Malaba, Kenya",Mursperb phones and electronics,Opposite Domain Self Selection Shop,0722 310 074western,Malaba,",Kenya","Malaba, Kenya",Kangwa Investments,"Main Stage,Oppossite Stage Shop",0725 160 838western,Malava,",Kenya","Malava, Kenya",Jomose Shop,Near The Main Stage of Samiesi,0727 521 108western,Matete,",Kenya","Matete, Kenya",Mateva Shop,Along Webuye - Kakamega Road,0722 335 474western,Sabatia,",Kenya","Sabatia, Kenya",Glory to God Enterprises,"Mudete Centre,Near Bus Stage.",0711 504 197western,Shamakhokho,",Kenya","Shamakhokho, Kenya",Ndori Posho Mill,Along Shamakhokho-Serem road,0710 820 836western,Vihiga,",Kenya","Vihiga, Kenya",Mungoma Communications,Bukuga Market,0725 024 050western,Webuye,",Kenya","Webuye, Kenya",Neo Web Technologies,Opposite Tristar Petrol Station,0724 363 308western,Webuye,",Kenya","Webuye, Kenya",Ramesh Shah Supermarket,"Main Street Webuye, Opposite Webuye School Uniforms",0722 574 602western,Webuye,",Kenya","Webuye, Kenya",Wabros Studios Webuye,Along Nyange Street,0722 596 604